[
    {
        "name": "Szlak na Rysy",
        "length_km": 18.5,
        "estimated_time_str": "8-10 godzin",
        "elevation_gain": 1650,
        "difficulty": 5,
        "description": "To jest wymagająca trasa w Tatrach Wysokich. Czas przejścia to około 8h 30min w jedną stronę. Po drodze znajduje się schronisko w Dolinie Pięciu Stawów Polskich. Uważaj na wysokie przewyższenia. Szczyt Rysów znajduje się na wysokości 2499 m n.p.m. Współrzędne początku trasy: N49°11′46″ E20°05′33″. Wiosną (kwiecień) i wczesnym latem (czerwiec) mogą występować płaty śniegu. Ostrzeżenie: Trasa bardzo wymagająca technicznie, tylko dla doświadczonych turystów.",
        "reviews": [
            {
                "text": "Wspaniałe widoki! Byłem 15.08.2023, pogoda dopisała, trasa super. Ocena 9/10.",
                "rating_raw": "★★★★★",
                "sentiment": "pozytywny",
                "aspects": ["widoki", "pogoda", "trasa"],
                "date": "15.08.2023",
                "season": "lato"
            },
            {
                "text": "Trasa trudna, kiepskie oznakowanie miejscami. Byłem w lipcu 2022, lało cały dzień.",
                "rating_raw": "★★★☆☆",
                "sentiment": "negatywny",
                "aspects": ["trudność", "oznakowanie", "pogoda"],
                "date": "lipiec 2022",
                "season": "lato"
            }
        ],
        "extracted_times": ["8h 30min", "8-10 godzin"],
        "extracted_points": ["schronisko", "szczyt Rysów"],
        "extracted_warnings": ["Trasa bardzo wymagająca technicznie", "tylko dla doświadczonych turystów"],
        "extracted_coords": ["N49°11′46″ E20°05′33″"]
    }
]