"id","name","region","start_lat","start_lon","end_lat","end_lon","length_km","elevation_gain","difficulty","terrain_type","tags","description","extracted_times","extracted_times_minutes","characteristic_points","warnings","extracted_coords","extracted_elevations","reviews","gallery_urls","map_url"
"101","Rezerwat Beka","Puck","54.67","18.52","54.68","18.53","5.3","12","1","coastal","[]","Idealny na spacery i obserwację ptaków.","[]","","[]","[]","null","[]","[]",""
"102","Kamienne Kręgi Węsiory","Kaszuby","54.10","17.90","54.11","17.91","2.8","30","1","forest","[]","Pradawne kręgi kamienne, otoczone tajemnicą.","[]","","[]","[]","null","[]","[]",""
"103","Dolina Pięciu Stawów Polskich","Tatry","49.20","20.04","49.21","20.05","4.7","310","3","mountain","[]","Malownicza dolina z pięcioma jeziorami.","[]","","[]","[]","null","[]","[]",""
"104","Fort Góry Gradowej","Gdańsk","54.352","18.646","54.354","18.648","2.1","50","1","urban-hill","[]","Trasa historyczna w centrum Gdańska.","[]","","[]","[]","null","[]","[]",""
"105","Jezioro Turkusowe w Wapnicy","Pomorze Zachodnie","53.882","14.453","53.884","14.455","1.8","20","1","lake","[]","Malownicze jezioro o turkusowej wodzie.","[]","","[]","[]","null","[]","[]",""
"106","Stara Linia Kolejowa Kartuzy-Somnino","Kaszuby","54.321","18.150","54.330","18.250","11.2","70","2","urban-wild","[]","Długa trasa po nieczynnej linii kolejowej.","[]","","[]","[]","null","[]","[]",""
"107","Słowiński Park Narodowy – Wydmy Ruchome","Pomorze","54.757","17.300","54.760","17.305","3.9","15","2","dunes","[]","Unikalne ruchome wydmy nad morzem.","[]","","[]","[]","null","[]","[]",""
