"date","location_id","avg_temp","min_temp","max_temp","precipitation","sunshine_hours","cloud_cover","wind_speed","weather_description","humidity","pressure"
"2025-06-20","54.352,18.646","15.0","10.0","20.0","0.5","8.0","20","10.0","zachmurzenie małe","70","1012"
"2025-06-21","54.352,18.646","18.0","12.0","22.0","0.0","10.0","10","8.0","bezchmurnie","65","1015"
"2025-06-20","49.22,20.08","5.0","0.0","10.0","1.0","4.0","80","15.0","opady śniegu","90","900"
"2025-06-21","49.22,20.08","8.0","3.0","12.0","0.2","6.0","50","10.0","częściowe zachmurzenie","80","905"
