id,name,region,start_lat,start_lon,end_lat,end_lon,length_km,elevation_gain,difficulty,terrain_type,tags
101,Rezerwat Beka,Puck,54.6702,18.4275,54.6780,18.4441,5.3,12,1,coastal,"birdwatching,flat"
102,Kamienne Kręgi Węsiory,Kaszuby,54.1128,17.6882,54.1143,17.6907,2.8,30,1,forest,"history,mystery"
103,Stara Linia Kolejowa Kartuzy-Somnino,Kaszuby,54.3285,18.1976,54.3501,18.1412,11.2,40,2,urban-wild,"rails,hidden"
104,Fort Góry Gradowej,Gdańsk,54.3584,18.6464,54.3609,18.6491,2.1,38,1,urban-hill,"history,viewpoint"
105,Jezioro Turkusowe w Wapnicy,Pomorze Zachodnie,53.8426,14.5183,53.8461,14.5205,1.8,25,1,lake,"nature,unique"
106,Dolina Pięciu Stawów Polskich,Tatry,49.2260,20.0569,49.2196,20.0860,4.7,310,3,mountain,"scenic,alpine"
107,Słowiński Park Narodowy – Wydmy Ruchome,Pomorze,54.7494,17.5278,54.7583,17.5483,3.9,18,2,dunes,"desertlike,coastal"
