{
    "coord": {
        "lon": 18.646,
        "lat": 54.352
    },
    "weather": [
        {
            "id": 800,
            "main": "Clear",
            "description": "bezchmurnie",
            "icon": "01n"
        }
    ],
    "base": "stations",
    "main": {
        "temp": 12.13,
        "feels_like": 11.44,
        "temp_min": 11.05,
        "temp_max": 12.82,
        "pressure": 1023,
        "humidity": 78,
        "sea_level": 1023,
        "grnd_level": 1018
    },
    "visibility": 10000,
    "wind": {
        "speed": 1.54,
        "deg": 250
    },
    "clouds": {
        "all": 0
    },
    "dt": 1750457945,
    "sys": {
        "type": 2,
        "id": 2077363,
        "country": "PL",
        "sunrise": 1750471830,
        "sunset": 1750533831
    },
    "timezone": 7200,
    "id": 3099434,
    "name": "Gda\u0144sk",
    "cod": 200
}