{
    "portal_name": "RysyPortalExample",
    "base_url": "https://www.example.com/",
    "rules": {
        "name": {
            "selector": "div.route-info h1",
            "type": "text"
        },
        "description": {
            "selector": "p.route-description",
            "type": "text"
        },
        "length_km": {
            "selector": "table.route-params tr:nth-child(1) td:nth-child(2)",
            "type": "text",
            "regex": "([\\d.]+)\\s*km"
        },
        "estimated_time": {
            "selector": "table.route-params tr:nth-child(2) td:nth-child(2)",
            "type": "text"
        },
        "elevation_gain": {
            "selector": "table.route-params tr:nth-child(3) td:nth-child(2)",
            "type": "text",
            "regex": "([\\d.]+)\\s*m"
        },
        "difficulty": {
            "selector": "table.route-params tr:nth-child(4) td:nth-child(2)",
            "type": "text",
            "regex": "(\\d+)/5"
        },
        "reviews": {
            "selector": "div.user-review",
            "type": "list",
            "item_rules": {
                "rating": {
                    "selector": "span.rating",
                    "type": "text",
                    "regex": "(\u2605+)"
                },
                "text": {
                    "selector": "p",
                    "type": "text"
                }
            }
        }
    }
}